<server>
   <!-- ==================================================================== -->
   <!-- Service Binding                                                      -->
   <!-- ==================================================================== -->

   <!-- Automatically activated when generatting the clustering environment -->
   <!-- @TESTSUITE_CLUSTER_CONFIG@ -->

   <!--
      | Binding service manager for port/host mapping. This is a sample
      | config that demonstrates a JBoss instances with a server name 'ports-01'
      | loading its bindings from an XML file using the ServicesStoreFactory
      | implementation returned by the XMLServicesStoreFactory.
      |
      | ServerName: The unique name assigned to a JBoss server instance for
      | lookup purposes. This allows a single ServicesStore to handle mulitiple
      | JBoss servers.
      |
      | StoreURL: The URL string passed to org.jboss.services.binding.ServicesStore
      | during initialization that specifies how to connect to the bindings store.
      | StoreFactory: The org.jboss.services.binding.ServicesStoreFactory interface
      | implementation to create to obtain the ServicesStore instance.

   <mbean code="org.jboss.services.binding.ServiceBindingManager"
     name="jboss.system:service=ServiceBindingManager">
     <attribute name="ServerName">ports-01</attribute>
     <attribute name="StoreURL">${jboss.home.url}/docs/examples/binding-manager/sample-bindings.xml</attribute>
     <attribute name="StoreFactoryClassName">
       org.jboss.services.binding.XMLServicesStoreFactory
     </attribute>
   </mbean>
   -->
</server>

